1,Bulbasaur,https://unpkg.com/pokeapi-sprites@2.0.2/sprites/pokemon/other/dream-world/1.svg,https://raw.githubusercontent.com/PokeAPI/sprites/master/sprites/pokemon/1.png
2,Ivysaur,https://unpkg.com/pokeapi-sprites@2.0.2/sprites/pokemon/other/dream-world/2.svg,https://raw.githubusercontent.com/PokeAPI/sprites/master/sprites/pokemon/2.png
3,Venusaur,https://unpkg.com/pokeapi-sprites@2.0.2/sprites/pokemon/other/dream-world/3.svg,https://raw.githubusercontent.com/PokeAPI/sprites/master/sprites/pokemon/3.png
4,Charmander,https://unpkg.com/pokeapi-sprites@2.0.2/sprites/pokemon/other/dream-world/4.svg,https://raw.githubusercontent.com/PokeAPI/sprites/master/sprites/pokemon/4.png
5,Charmeleon,https://unpkg.com/pokeapi-sprites@2.0.2/sprites/pokemon/other/dream-world/5.svg,https://raw.githubusercontent.com/PokeAPI/sprites/master/sprites/pokemon/5.png
6,Charizard,https://unpkg.com/pokeapi-sprites@2.0.2/sprites/pokemon/other/dream-world/6.svg,https://raw.githubusercontent.com/PokeAPI/sprites/master/sprites/pokemon/6.png
7,Squirtle,https://unpkg.com/pokeapi-sprites@2.0.2/sprites/pokemon/other/dream-world/7.svg,https://raw.githubusercontent.com/PokeAPI/sprites/master/sprites/pokemon/7.png
8,Wartortle,https://unpkg.com/pokeapi-sprites@2.0.2/sprites/pokemon/other/dream-world/8.svg,https://raw.githubusercontent.com/PokeAPI/sprites/master/sprites/pokemon/8.png
9,Blastoise,https://unpkg.com/pokeapi-sprites@2.0.2/sprites/pokemon/other/dream-world/9.svg,https://raw.githubusercontent.com/PokeAPI/sprites/master/sprites/pokemon/9.png
10,Caterpie,https://unpkg.com/pokeapi-sprites@2.0.2/sprites/pokemon/other/dream-world/10.svg,https://raw.githubusercontent.com/PokeAPI/sprites/master/sprites/pokemon/10.png
11,Metapod,https://unpkg.com/pokeapi-sprites@2.0.2/sprites/pokemon/other/dream-world/11.svg,https://raw.githubusercontent.com/PokeAPI/sprites/master/sprites/pokemon/11.png
12,Butterfree,https://unpkg.com/pokeapi-sprites@2.0.2/sprites/pokemon/other/dream-world/12.svg,https://raw.githubusercontent.com/PokeAPI/sprites/master/sprites/pokemon/12.png
13,Weedle,https://unpkg.com/pokeapi-sprites@2.0.2/sprites/pokemon/other/dream-world/13.svg,https://raw.githubusercontent.com/PokeAPI/sprites/master/sprites/pokemon/13.png
14,Kakuna,https://unpkg.com/pokeapi-sprites@2.0.2/sprites/pokemon/other/dream-world/14.svg,https://raw.githubusercontent.com/PokeAPI/sprites/master/sprites/pokemon/14.png
15,Beedrill,https://unpkg.com/pokeapi-sprites@2.0.2/sprites/pokemon/other/dream-world/15.svg,https://raw.githubusercontent.com/PokeAPI/sprites/master/sprites/pokemon/15.png
16,Pidgey,https://unpkg.com/pokeapi-sprites@2.0.2/sprites/pokemon/other/dream-world/16.svg,https://raw.githubusercontent.com/PokeAPI/sprites/master/sprites/pokemon/16.png
17,Pidgeotto,https://unpkg.com/pokeapi-sprites@2.0.2/sprites/pokemon/other/dream-world/17.svg,https://raw.githubusercontent.com/PokeAPI/sprites/master/sprites/pokemon/17.png
18,Pidgeot,https://unpkg.com/pokeapi-sprites@2.0.2/sprites/pokemon/other/dream-world/18.svg,https://raw.githubusercontent.com/PokeAPI/sprites/master/sprites/pokemon/18.png
19,Rattata,https://unpkg.com/pokeapi-sprites@2.0.2/sprites/pokemon/other/dream-world/19.svg,https://raw.githubusercontent.com/PokeAPI/sprites/master/sprites/pokemon/19.png
20,Raticate,https://unpkg.com/pokeapi-sprites@2.0.2/sprites/pokemon/other/dream-world/20.svg,https://raw.githubusercontent.com/PokeAPI/sprites/master/sprites/pokemon/20.png
21,Spearow,https://unpkg.com/pokeapi-sprites@2.0.2/sprites/pokemon/other/dream-world/21.svg,https://raw.githubusercontent.com/PokeAPI/sprites/master/sprites/pokemon/21.png
22,Fearow,https://unpkg.com/pokeapi-sprites@2.0.2/sprites/pokemon/other/dream-world/22.svg,https://raw.githubusercontent.com/PokeAPI/sprites/master/sprites/pokemon/22.png
23,Ekans,https://unpkg.com/pokeapi-sprites@2.0.2/sprites/pokemon/other/dream-world/23.svg,https://raw.githubusercontent.com/PokeAPI/sprites/master/sprites/pokemon/23.png
24,Arbok,https://unpkg.com/pokeapi-sprites@2.0.2/sprites/pokemon/other/dream-world/24.svg,https://raw.githubusercontent.com/PokeAPI/sprites/master/sprites/pokemon/24.png
25,Pikachu,https://unpkg.com/pokeapi-sprites@2.0.2/sprites/pokemon/other/dream-world/25.svg,https://raw.githubusercontent.com/PokeAPI/sprites/master/sprites/pokemon/25.png
26,Raichu,https://unpkg.com/pokeapi-sprites@2.0.2/sprites/pokemon/other/dream-world/26.svg,https://raw.githubusercontent.com/PokeAPI/sprites/master/sprites/pokemon/26.png
27,Sandshrew,https://unpkg.com/pokeapi-sprites@2.0.2/sprites/pokemon/other/dream-world/27.svg,https://raw.githubusercontent.com/PokeAPI/sprites/master/sprites/pokemon/27.png
28,Sandslash,https://unpkg.com/pokeapi-sprites@2.0.2/sprites/pokemon/other/dream-world/28.svg,https://raw.githubusercontent.com/PokeAPI/sprites/master/sprites/pokemon/28.png
29,Nidoran♀,https://unpkg.com/pokeapi-sprites@2.0.2/sprites/pokemon/other/dream-world/29.svg,https://raw.githubusercontent.com/PokeAPI/sprites/master/sprites/pokemon/29.png
30,Nidorina,https://unpkg.com/pokeapi-sprites@2.0.2/sprites/pokemon/other/dream-world/30.svg,https://raw.githubusercontent.com/PokeAPI/sprites/master/sprites/pokemon/30.png
31,Nidoqueen,https://unpkg.com/pokeapi-sprites@2.0.2/sprites/pokemon/other/dream-world/31.svg,https://raw.githubusercontent.com/PokeAPI/sprites/master/sprites/pokemon/31.png
32,Nidoran♂,https://unpkg.com/pokeapi-sprites@2.0.2/sprites/pokemon/other/dream-world/32.svg,https://raw.githubusercontent.com/PokeAPI/sprites/master/sprites/pokemon/32.png
33,Nidorino,https://unpkg.com/pokeapi-sprites@2.0.2/sprites/pokemon/other/dream-world/33.svg,https://raw.githubusercontent.com/PokeAPI/sprites/master/sprites/pokemon/33.png
34,Nidoking,https://unpkg.com/pokeapi-sprites@2.0.2/sprites/pokemon/other/dream-world/34.svg,https://raw.githubusercontent.com/PokeAPI/sprites/master/sprites/pokemon/34.png
35,Clefairy,https://unpkg.com/pokeapi-sprites@2.0.2/sprites/pokemon/other/dream-world/35.svg,https://raw.githubusercontent.com/PokeAPI/sprites/master/sprites/pokemon/35.png
36,Clefable,https://unpkg.com/pokeapi-sprites@2.0.2/sprites/pokemon/other/dream-world/36.svg,https://raw.githubusercontent.com/PokeAPI/sprites/master/sprites/pokemon/36.png
37,Vulpix,https://unpkg.com/pokeapi-sprites@2.0.2/sprites/pokemon/other/dream-world/37.svg,https://raw.githubusercontent.com/PokeAPI/sprites/master/sprites/pokemon/37.png
38,Ninetales,https://unpkg.com/pokeapi-sprites@2.0.2/sprites/pokemon/other/dream-world/38.svg,https://raw.githubusercontent.com/PokeAPI/sprites/master/sprites/pokemon/38.png
39,Jigglypuff,https://unpkg.com/pokeapi-sprites@2.0.2/sprites/pokemon/other/dream-world/39.svg,https://raw.githubusercontent.com/PokeAPI/sprites/master/sprites/pokemon/39.png
40,Wigglytuff,https://unpkg.com/pokeapi-sprites@2.0.2/sprites/pokemon/other/dream-world/40.svg,https://raw.githubusercontent.com/PokeAPI/sprites/master/sprites/pokemon/40.png
41,Zubat,https://unpkg.com/pokeapi-sprites@2.0.2/sprites/pokemon/other/dream-world/41.svg,https://raw.githubusercontent.com/PokeAPI/sprites/master/sprites/pokemon/41.png
42,Golbat,https://unpkg.com/pokeapi-sprites@2.0.2/sprites/pokemon/other/dream-world/42.svg,https://raw.githubusercontent.com/PokeAPI/sprites/master/sprites/pokemon/42.png
43,Oddish,https://unpkg.com/pokeapi-sprites@2.0.2/sprites/pokemon/other/dream-world/43.svg,https://raw.githubusercontent.com/PokeAPI/sprites/master/sprites/pokemon/43.png
44,Gloom,https://unpkg.com/pokeapi-sprites@2.0.2/sprites/pokemon/other/dream-world/44.svg,https://raw.githubusercontent.com/PokeAPI/sprites/master/sprites/pokemon/44.png
45,Vileplume,https://unpkg.com/pokeapi-sprites@2.0.2/sprites/pokemon/other/dream-world/45.svg,https://raw.githubusercontent.com/PokeAPI/sprites/master/sprites/pokemon/45.png
46,Paras,https://unpkg.com/pokeapi-sprites@2.0.2/sprites/pokemon/other/dream-world/46.svg,https://raw.githubusercontent.com/PokeAPI/sprites/master/sprites/pokemon/46.png
47,Parasect,https://unpkg.com/pokeapi-sprites@2.0.2/sprites/pokemon/other/dream-world/47.svg,https://raw.githubusercontent.com/PokeAPI/sprites/master/sprites/pokemon/47.png
48,Venonat,https://unpkg.com/pokeapi-sprites@2.0.2/sprites/pokemon/other/dream-world/48.svg,https://raw.githubusercontent.com/PokeAPI/sprites/master/sprites/pokemon/48.png
49,Venomoth,https://unpkg.com/pokeapi-sprites@2.0.2/sprites/pokemon/other/dream-world/49.svg,https://raw.githubusercontent.com/PokeAPI/sprites/master/sprites/pokemon/49.png
50,Diglett,https://unpkg.com/pokeapi-sprites@2.0.2/sprites/pokemon/other/dream-world/50.svg,https://raw.githubusercontent.com/PokeAPI/sprites/master/sprites/pokemon/50.png
51,Dugtrio,https://unpkg.com/pokeapi-sprites@2.0.2/sprites/pokemon/other/dream-world/51.svg,https://raw.githubusercontent.com/PokeAPI/sprites/master/sprites/pokemon/51.png
52,Meowth,https://unpkg.com/pokeapi-sprites@2.0.2/sprites/pokemon/other/dream-world/52.svg,https://raw.githubusercontent.com/PokeAPI/sprites/master/sprites/pokemon/52.png
53,Persian,https://unpkg.com/pokeapi-sprites@2.0.2/sprites/pokemon/other/dream-world/53.svg,https://raw.githubusercontent.com/PokeAPI/sprites/master/sprites/pokemon/53.png
54,Psyduck,https://unpkg.com/pokeapi-sprites@2.0.2/sprites/pokemon/other/dream-world/54.svg,https://raw.githubusercontent.com/PokeAPI/sprites/master/sprites/pokemon/54.png
55,Golduck,https://unpkg.com/pokeapi-sprites@2.0.2/sprites/pokemon/other/dream-world/55.svg,https://raw.githubusercontent.com/PokeAPI/sprites/master/sprites/pokemon/55.png
56,Mankey,https://unpkg.com/pokeapi-sprites@2.0.2/sprites/pokemon/other/dream-world/56.svg,https://raw.githubusercontent.com/PokeAPI/sprites/master/sprites/pokemon/56.png
57,Primeape,https://unpkg.com/pokeapi-sprites@2.0.2/sprites/pokemon/other/dream-world/57.svg,https://raw.githubusercontent.com/PokeAPI/sprites/master/sprites/pokemon/57.png
58,Growlithe,https://unpkg.com/pokeapi-sprites@2.0.2/sprites/pokemon/other/dream-world/58.svg,https://raw.githubusercontent.com/PokeAPI/sprites/master/sprites/pokemon/58.png
59,Arcanine,https://unpkg.com/pokeapi-sprites@2.0.2/sprites/pokemon/other/dream-world/59.svg,https://raw.githubusercontent.com/PokeAPI/sprites/master/sprites/pokemon/59.png
60,Poliwag,https://unpkg.com/pokeapi-sprites@2.0.2/sprites/pokemon/other/dream-world/60.svg,https://raw.githubusercontent.com/PokeAPI/sprites/master/sprites/pokemon/60.png
61,Poliwhirl,https://unpkg.com/pokeapi-sprites@2.0.2/sprites/pokemon/other/dream-world/61.svg,https://raw.githubusercontent.com/PokeAPI/sprites/master/sprites/pokemon/61.png
62,Poliwrath,https://unpkg.com/pokeapi-sprites@2.0.2/sprites/pokemon/other/dream-world/62.svg,https://raw.githubusercontent.com/PokeAPI/sprites/master/sprites/pokemon/62.png
63,Abra,https://unpkg.com/pokeapi-sprites@2.0.2/sprites/pokemon/other/dream-world/63.svg,https://raw.githubusercontent.com/PokeAPI/sprites/master/sprites/pokemon/63.png
64,Kadabra,https://unpkg.com/pokeapi-sprites@2.0.2/sprites/pokemon/other/dream-world/64.svg,https://raw.githubusercontent.com/PokeAPI/sprites/master/sprites/pokemon/64.png
65,Alakazam,https://unpkg.com/pokeapi-sprites@2.0.2/sprites/pokemon/other/dream-world/65.svg,https://raw.githubusercontent.com/PokeAPI/sprites/master/sprites/pokemon/65.png
66,Machop,https://unpkg.com/pokeapi-sprites@2.0.2/sprites/pokemon/other/dream-world/66.svg,https://raw.githubusercontent.com/PokeAPI/sprites/master/sprites/pokemon/66.png
67,Machoke,https://unpkg.com/pokeapi-sprites@2.0.2/sprites/pokemon/other/dream-world/67.svg,https://raw.githubusercontent.com/PokeAPI/sprites/master/sprites/pokemon/67.png
68,Machamp,https://unpkg.com/pokeapi-sprites@2.0.2/sprites/pokemon/other/dream-world/68.svg,https://raw.githubusercontent.com/PokeAPI/sprites/master/sprites/pokemon/68.png
69,Bellsprout,https://unpkg.com/pokeapi-sprites@2.0.2/sprites/pokemon/other/dream-world/69.svg,https://raw.githubusercontent.com/PokeAPI/sprites/master/sprites/pokemon/69.png
70,Weepinbell,https://unpkg.com/pokeapi-sprites@2.0.2/sprites/pokemon/other/dream-world/70.svg,https://raw.githubusercontent.com/PokeAPI/sprites/master/sprites/pokemon/70.png
71,Victreebel,https://unpkg.com/pokeapi-sprites@2.0.2/sprites/pokemon/other/dream-world/71.svg,https://raw.githubusercontent.com/PokeAPI/sprites/master/sprites/pokemon/71.png
72,Tentacool,https://unpkg.com/pokeapi-sprites@2.0.2/sprites/pokemon/other/dream-world/72.svg,https://raw.githubusercontent.com/PokeAPI/sprites/master/sprites/pokemon/72.png
73,Tentacruel,https://unpkg.com/pokeapi-sprites@2.0.2/sprites/pokemon/other/dream-world/73.svg,https://raw.githubusercontent.com/PokeAPI/sprites/master/sprites/pokemon/73.png
74,Geodude,https://unpkg.com/pokeapi-sprites@2.0.2/sprites/pokemon/other/dream-world/74.svg,https://raw.githubusercontent.com/PokeAPI/sprites/master/sprites/pokemon/74.png
75,Graveler,https://unpkg.com/pokeapi-sprites@2.0.2/sprites/pokemon/other/dream-world/75.svg,https://raw.githubusercontent.com/PokeAPI/sprites/master/sprites/pokemon/75.png
76,Golem,https://unpkg.com/pokeapi-sprites@2.0.2/sprites/pokemon/other/dream-world/76.svg,https://raw.githubusercontent.com/PokeAPI/sprites/master/sprites/pokemon/76.png
77,Ponyta,https://unpkg.com/pokeapi-sprites@2.0.2/sprites/pokemon/other/dream-world/77.svg,https://raw.githubusercontent.com/PokeAPI/sprites/master/sprites/pokemon/77.png
78,Rapidash,https://unpkg.com/pokeapi-sprites@2.0.2/sprites/pokemon/other/dream-world/78.svg,https://raw.githubusercontent.com/PokeAPI/sprites/master/sprites/pokemon/78.png
79,Slowpoke,https://unpkg.com/pokeapi-sprites@2.0.2/sprites/pokemon/other/dream-world/79.svg,https://raw.githubusercontent.com/PokeAPI/sprites/master/sprites/pokemon/79.png
80,Slowbro,https://unpkg.com/pokeapi-sprites@2.0.2/sprites/pokemon/other/dream-world/80.svg,https://raw.githubusercontent.com/PokeAPI/sprites/master/sprites/pokemon/80.png
81,Magnemite,https://unpkg.com/pokeapi-sprites@2.0.2/sprites/pokemon/other/dream-world/81.svg,https://raw.githubusercontent.com/PokeAPI/sprites/master/sprites/pokemon/81.png
82,Magneton,https://unpkg.com/pokeapi-sprites@2.0.2/sprites/pokemon/other/dream-world/82.svg,https://raw.githubusercontent.com/PokeAPI/sprites/master/sprites/pokemon/82.png
83,Farfetch'd,https://unpkg.com/pokeapi-sprites@2.0.2/sprites/pokemon/other/dream-world/83.svg,https://raw.githubusercontent.com/PokeAPI/sprites/master/sprites/pokemon/83.png
84,Doduo,https://unpkg.com/pokeapi-sprites@2.0.2/sprites/pokemon/other/dream-world/84.svg,https://raw.githubusercontent.com/PokeAPI/sprites/master/sprites/pokemon/84.png
85,Dodrio,https://unpkg.com/pokeapi-sprites@2.0.2/sprites/pokemon/other/dream-world/85.svg,https://raw.githubusercontent.com/PokeAPI/sprites/master/sprites/pokemon/85.png
86,Seel,https://unpkg.com/pokeapi-sprites@2.0.2/sprites/pokemon/other/dream-world/86.svg,https://raw.githubusercontent.com/PokeAPI/sprites/master/sprites/pokemon/86.png
87,Dewgong,https://unpkg.com/pokeapi-sprites@2.0.2/sprites/pokemon/other/dream-world/87.svg,https://raw.githubusercontent.com/PokeAPI/sprites/master/sprites/pokemon/87.png
88,Grimer,https://unpkg.com/pokeapi-sprites@2.0.2/sprites/pokemon/other/dream-world/88.svg,https://raw.githubusercontent.com/PokeAPI/sprites/master/sprites/pokemon/88.png
89,Muk,https://unpkg.com/pokeapi-sprites@2.0.2/sprites/pokemon/other/dream-world/89.svg,https://raw.githubusercontent.com/PokeAPI/sprites/master/sprites/pokemon/89.png
90,Shellder,https://unpkg.com/pokeapi-sprites@2.0.2/sprites/pokemon/other/dream-world/90.svg,https://raw.githubusercontent.com/PokeAPI/sprites/master/sprites/pokemon/90.png
91,Cloyster,https://unpkg.com/pokeapi-sprites@2.0.2/sprites/pokemon/other/dream-world/91.svg,https://raw.githubusercontent.com/PokeAPI/sprites/master/sprites/pokemon/91.png
92,Gastly,https://unpkg.com/pokeapi-sprites@2.0.2/sprites/pokemon/other/dream-world/92.svg,https://raw.githubusercontent.com/PokeAPI/sprites/master/sprites/pokemon/92.png
93,Haunter,https://unpkg.com/pokeapi-sprites@2.0.2/sprites/pokemon/other/dream-world/93.svg,https://raw.githubusercontent.com/PokeAPI/sprites/master/sprites/pokemon/93.png
94,Gengar,https://unpkg.com/pokeapi-sprites@2.0.2/sprites/pokemon/other/dream-world/94.svg,https://raw.githubusercontent.com/PokeAPI/sprites/master/sprites/pokemon/94.png
95,Onix,https://unpkg.com/pokeapi-sprites@2.0.2/sprites/pokemon/other/dream-world/95.svg,https://raw.githubusercontent.com/PokeAPI/sprites/master/sprites/pokemon/95.png
96,Drowzee,https://unpkg.com/pokeapi-sprites@2.0.2/sprites/pokemon/other/dream-world/96.svg,https://raw.githubusercontent.com/PokeAPI/sprites/master/sprites/pokemon/96.png
97,Hypno,https://unpkg.com/pokeapi-sprites@2.0.2/sprites/pokemon/other/dream-world/97.svg,https://raw.githubusercontent.com/PokeAPI/sprites/master/sprites/pokemon/97.png
98,Krabby,https://unpkg.com/pokeapi-sprites@2.0.2/sprites/pokemon/other/dream-world/98.svg,https://raw.githubusercontent.com/PokeAPI/sprites/master/sprites/pokemon/98.png
99,Kingler,https://unpkg.com/pokeapi-sprites@2.0.2/sprites/pokemon/other/dream-world/99.svg,https://raw.githubusercontent.com/PokeAPI/sprites/master/sprites/pokemon/99.png
100,Voltorb,https://unpkg.com/pokeapi-sprites@2.0.2/sprites/pokemon/other/dream-world/100.svg,https://raw.githubusercontent.com/PokeAPI/sprites/master/sprites/pokemon/100.png
101,Electrode,https://unpkg.com/pokeapi-sprites@2.0.2/sprites/pokemon/other/dream-world/101.svg,https://raw.githubusercontent.com/PokeAPI/sprites/master/sprites/pokemon/101.png
102,Exeggcute,https://unpkg.com/pokeapi-sprites@2.0.2/sprites/pokemon/other/dream-world/102.svg,https://raw.githubusercontent.com/PokeAPI/sprites/master/sprites/pokemon/102.png
103,Exeggutor,https://unpkg.com/pokeapi-sprites@2.0.2/sprites/pokemon/other/dream-world/103.svg,https://raw.githubusercontent.com/PokeAPI/sprites/master/sprites/pokemon/103.png
104,Cubone,https://unpkg.com/pokeapi-sprites@2.0.2/sprites/pokemon/other/dream-world/104.svg,https://raw.githubusercontent.com/PokeAPI/sprites/master/sprites/pokemon/104.png
105,Marowak,https://unpkg.com/pokeapi-sprites@2.0.2/sprites/pokemon/other/dream-world/105.svg,https://raw.githubusercontent.com/PokeAPI/sprites/master/sprites/pokemon/105.png
106,Hitmonlee,https://unpkg.com/pokeapi-sprites@2.0.2/sprites/pokemon/other/dream-world/106.svg,https://raw.githubusercontent.com/PokeAPI/sprites/master/sprites/pokemon/106.png
107,Hitmonchan,https://unpkg.com/pokeapi-sprites@2.0.2/sprites/pokemon/other/dream-world/107.svg,https://raw.githubusercontent.com/PokeAPI/sprites/master/sprites/pokemon/107.png
108,Lickitung,https://unpkg.com/pokeapi-sprites@2.0.2/sprites/pokemon/other/dream-world/108.svg,https://raw.githubusercontent.com/PokeAPI/sprites/master/sprites/pokemon/108.png
109,Koffing,https://unpkg.com/pokeapi-sprites@2.0.2/sprites/pokemon/other/dream-world/109.svg,https://raw.githubusercontent.com/PokeAPI/sprites/master/sprites/pokemon/109.png
110,Weezing,https://unpkg.com/pokeapi-sprites@2.0.2/sprites/pokemon/other/dream-world/110.svg,https://raw.githubusercontent.com/PokeAPI/sprites/master/sprites/pokemon/110.png
111,Rhyhorn,https://unpkg.com/pokeapi-sprites@2.0.2/sprites/pokemon/other/dream-world/111.svg,https://raw.githubusercontent.com/PokeAPI/sprites/master/sprites/pokemon/111.png
112,Rhydon,https://unpkg.com/pokeapi-sprites@2.0.2/sprites/pokemon/other/dream-world/112.svg,https://raw.githubusercontent.com/PokeAPI/sprites/master/sprites/pokemon/112.png
113,Chansey,https://unpkg.com/pokeapi-sprites@2.0.2/sprites/pokemon/other/dream-world/113.svg,https://raw.githubusercontent.com/PokeAPI/sprites/master/sprites/pokemon/113.png
114,Tangela,https://unpkg.com/pokeapi-sprites@2.0.2/sprites/pokemon/other/dream-world/114.svg,https://raw.githubusercontent.com/PokeAPI/sprites/master/sprites/pokemon/114.png
115,Kangaskhan,https://unpkg.com/pokeapi-sprites@2.0.2/sprites/pokemon/other/dream-world/115.svg,https://raw.githubusercontent.com/PokeAPI/sprites/master/sprites/pokemon/115.png
116,Horsea,https://unpkg.com/pokeapi-sprites@2.0.2/sprites/pokemon/other/dream-world/116.svg,https://raw.githubusercontent.com/PokeAPI/sprites/master/sprites/pokemon/116.png
117,Seadra,https://unpkg.com/pokeapi-sprites@2.0.2/sprites/pokemon/other/dream-world/117.svg,https://raw.githubusercontent.com/PokeAPI/sprites/master/sprites/pokemon/117.png
118,Goldeen,https://unpkg.com/pokeapi-sprites@2.0.2/sprites/pokemon/other/dream-world/118.svg,https://raw.githubusercontent.com/PokeAPI/sprites/master/sprites/pokemon/118.png
119,Seaking,https://unpkg.com/pokeapi-sprites@2.0.2/sprites/pokemon/other/dream-world/119.svg,https://raw.githubusercontent.com/PokeAPI/sprites/master/sprites/pokemon/119.png
120,Staryu,https://unpkg.com/pokeapi-sprites@2.0.2/sprites/pokemon/other/dream-world/120.svg,https://raw.githubusercontent.com/PokeAPI/sprites/master/sprites/pokemon/120.png
121,Starmie,https://unpkg.com/pokeapi-sprites@2.0.2/sprites/pokemon/other/dream-world/121.svg,https://raw.githubusercontent.com/PokeAPI/sprites/master/sprites/pokemon/121.png
122,Mr. Mime,https://unpkg.com/pokeapi-sprites@2.0.2/sprites/pokemon/other/dream-world/122.svg,https://raw.githubusercontent.com/PokeAPI/sprites/master/sprites/pokemon/122.png
123,Scyther,https://unpkg.com/pokeapi-sprites@2.0.2/sprites/pokemon/other/dream-world/123.svg,https://raw.githubusercontent.com/PokeAPI/sprites/master/sprites/pokemon/123.png
124,Jynx,https://unpkg.com/pokeapi-sprites@2.0.2/sprites/pokemon/other/dream-world/124.svg,https://raw.githubusercontent.com/PokeAPI/sprites/master/sprites/pokemon/124.png
125,Electabuzz,https://unpkg.com/pokeapi-sprites@2.0.2/sprites/pokemon/other/dream-world/125.svg,https://raw.githubusercontent.com/PokeAPI/sprites/master/sprites/pokemon/125.png
126,Magmar,https://unpkg.com/pokeapi-sprites@2.0.2/sprites/pokemon/other/dream-world/126.svg,https://raw.githubusercontent.com/PokeAPI/sprites/master/sprites/pokemon/126.png
127,Pinsir,https://unpkg.com/pokeapi-sprites@2.0.2/sprites/pokemon/other/dream-world/127.svg,https://raw.githubusercontent.com/PokeAPI/sprites/master/sprites/pokemon/127.png
128,Tauros,https://unpkg.com/pokeapi-sprites@2.0.2/sprites/pokemon/other/dream-world/128.svg,https://raw.githubusercontent.com/PokeAPI/sprites/master/sprites/pokemon/128.png
129,Magikarp,https://unpkg.com/pokeapi-sprites@2.0.2/sprites/pokemon/other/dream-world/129.svg,https://raw.githubusercontent.com/PokeAPI/sprites/master/sprites/pokemon/129.png
130,Gyarados,https://unpkg.com/pokeapi-sprites@2.0.2/sprites/pokemon/other/dream-world/130.svg,https://raw.githubusercontent.com/PokeAPI/sprites/master/sprites/pokemon/130.png
131,Lapras,https://unpkg.com/pokeapi-sprites@2.0.2/sprites/pokemon/other/dream-world/131.svg,https://raw.githubusercontent.com/PokeAPI/sprites/master/sprites/pokemon/131.png
132,Ditto,https://unpkg.com/pokeapi-sprites@2.0.2/sprites/pokemon/other/dream-world/132.svg,https://raw.githubusercontent.com/PokeAPI/sprites/master/sprites/pokemon/132.png
133,Eevee,https://unpkg.com/pokeapi-sprites@2.0.2/sprites/pokemon/other/dream-world/133.svg,https://raw.githubusercontent.com/PokeAPI/sprites/master/sprites/pokemon/133.png
134,Vaporeon,https://unpkg.com/pokeapi-sprites@2.0.2/sprites/pokemon/other/dream-world/134.svg,https://raw.githubusercontent.com/PokeAPI/sprites/master/sprites/pokemon/134.png
135,Jolteon,https://unpkg.com/pokeapi-sprites@2.0.2/sprites/pokemon/other/dream-world/135.svg,https://raw.githubusercontent.com/PokeAPI/sprites/master/sprites/pokemon/135.png 
136,Flareon,https://unpkg.com/pokeapi-sprites@2.0.2/sprites/pokemon/other/dream-world/136.svg,https://raw.githubusercontent.com/PokeAPI/sprites/master/sprites/pokemon/136.png
137,Porygon,https://unpkg.com/pokeapi-sprites@2.0.2/sprites/pokemon/other/dream-world/137.svg,https://raw.githubusercontent.com/PokeAPI/sprites/master/sprites/pokemon/137.png
138,Omanyte,https://unpkg.com/pokeapi-sprites@2.0.2/sprites/pokemon/other/dream-world/138.svg,https://raw.githubusercontent.com/PokeAPI/sprites/master/sprites/pokemon/138.png
139,Omastar,https://unpkg.com/pokeapi-sprites@2.0.2/sprites/pokemon/other/dream-world/139.svg,https://raw.githubusercontent.com/PokeAPI/sprites/master/sprites/pokemon/139.png
140,Kabuto,https://unpkg.com/pokeapi-sprites@2.0.2/sprites/pokemon/other/dream-world/140.svg,https://raw.githubusercontent.com/PokeAPI/sprites/master/sprites/pokemon/140.png
141,Kabutops,https://unpkg.com/pokeapi-sprites@2.0.2/sprites/pokemon/other/dream-world/141.svg,https://raw.githubusercontent.com/PokeAPI/sprites/master/sprites/pokemon/141.png
142,Aerodactyl,https://unpkg.com/pokeapi-sprites@2.0.2/sprites/pokemon/other/dream-world/142.svg,https://raw.githubusercontent.com/PokeAPI/sprites/master/sprites/pokemon/142.png
143,Snorlax,https://unpkg.com/pokeapi-sprites@2.0.2/sprites/pokemon/other/dream-world/143.svg,https://raw.githubusercontent.com/PokeAPI/sprites/master/sprites/pokemon/143.png
144,Articuno,https://unpkg.com/pokeapi-sprites@2.0.2/sprites/pokemon/other/dream-world/144.svg,https://raw.githubusercontent.com/PokeAPI/sprites/master/sprites/pokemon/144.png
145,Zapdos,https://unpkg.com/pokeapi-sprites@2.0.2/sprites/pokemon/other/dream-world/145.svg,https://raw.githubusercontent.com/PokeAPI/sprites/master/sprites/pokemon/145.png
146,Moltres,https://unpkg.com/pokeapi-sprites@2.0.2/sprites/pokemon/other/dream-world/146.svg,https://raw.githubusercontent.com/PokeAPI/sprites/master/sprites/pokemon/146.png
147,Dratini,https://unpkg.com/pokeapi-sprites@2.0.2/sprites/pokemon/other/dream-world/147.svg,https://raw.githubusercontent.com/PokeAPI/sprites/master/sprites/pokemon/147.png
148,Dragonair,https://unpkg.com/pokeapi-sprites@2.0.2/sprites/pokemon/other/dream-world/148.svg,https://raw.githubusercontent.com/PokeAPI/sprites/master/sprites/pokemon/148.png
149,Dragonite,https://unpkg.com/pokeapi-sprites@2.0.2/sprites/pokemon/other/dream-world/149.svg,https://raw.githubusercontent.com/PokeAPI/sprites/master/sprites/pokemon/149.png
150,Mewtwo,https://unpkg.com/pokeapi-sprites@2.0.2/sprites/pokemon/other/dream-world/150.svg,https://raw.githubusercontent.com/PokeAPI/sprites/master/sprites/pokemon/150.png
151,Mew,https://unpkg.com/pokeapi-sprites@2.0.2/sprites/pokemon/other/dream-world/151.svg,https://raw.githubusercontent.com/PokeAPI/sprites/master/sprites/pokemon/151.png
152,Chikorita,https://unpkg.com/pokeapi-sprites@2.0.2/sprites/pokemon/other/dream-world/152.svg,https://raw.githubusercontent.com/PokeAPI/sprites/master/sprites/pokemon/152.png
153,Bayleef,https://unpkg.com/pokeapi-sprites@2.0.2/sprites/pokemon/other/dream-world/153.svg,https://raw.githubusercontent.com/PokeAPI/sprites/master/sprites/pokemon/153.png
154,Meganium,https://unpkg.com/pokeapi-sprites@2.0.2/sprites/pokemon/other/dream-world/154.svg,https://raw.githubusercontent.com/PokeAPI/sprites/master/sprites/pokemon/154.png
155,Cyndaquil,https://unpkg.com/pokeapi-sprites@2.0.2/sprites/pokemon/other/dream-world/155.svg,https://raw.githubusercontent.com/PokeAPI/sprites/master/sprites/pokemon/155.png
156,Quilava,https://unpkg.com/pokeapi-sprites@2.0.2/sprites/pokemon/other/dream-world/156.svg,https://raw.githubusercontent.com/PokeAPI/sprites/master/sprites/pokemon/156.png
157,Typhlosion,https://unpkg.com/pokeapi-sprites@2.0.2/sprites/pokemon/other/dream-world/157.svg,https://raw.githubusercontent.com/PokeAPI/sprites/master/sprites/pokemon/157.png
158,Totodile,https://unpkg.com/pokeapi-sprites@2.0.2/sprites/pokemon/other/dream-world/158.svg,https://raw.githubusercontent.com/PokeAPI/sprites/master/sprites/pokemon/158.png
159,Croconaw,https://unpkg.com/pokeapi-sprites@2.0.2/sprites/pokemon/other/dream-world/159.svg,https://raw.githubusercontent.com/PokeAPI/sprites/master/sprites/pokemon/159.png
160,Feraligatr,https://unpkg.com/pokeapi-sprites@2.0.2/sprites/pokemon/other/dream-world/160.svg,https://raw.githubusercontent.com/PokeAPI/sprites/master/sprites/pokemon/160.png
161,Sentret,https://unpkg.com/pokeapi-sprites@2.0.2/sprites/pokemon/other/dream-world/161.svg,https://raw.githubusercontent.com/PokeAPI/sprites/master/sprites/pokemon/161.png
162,Furret,https://unpkg.com/pokeapi-sprites@2.0.2/sprites/pokemon/other/dream-world/162.svg,https://raw.githubusercontent.com/PokeAPI/sprites/master/sprites/pokemon/162.png
163,Hoothoot,https://unpkg.com/pokeapi-sprites@2.0.2/sprites/pokemon/other/dream-world/163.svg,https://raw.githubusercontent.com/PokeAPI/sprites/master/sprites/pokemon/163.png
164,Noctowl,https://unpkg.com/pokeapi-sprites@2.0.2/sprites/pokemon/other/dream-world/164.svg,https://raw.githubusercontent.com/PokeAPI/sprites/master/sprites/pokemon/164.png
165,Ledyba,https://unpkg.com/pokeapi-sprites@2.0.2/sprites/pokemon/other/dream-world/165.svg,https://raw.githubusercontent.com/PokeAPI/sprites/master/sprites/pokemon/165.png
166,Ledian,https://unpkg.com/pokeapi-sprites@2.0.2/sprites/pokemon/other/dream-world/166.svg,https://raw.githubusercontent.com/PokeAPI/sprites/master/sprites/pokemon/166.png
167,Spinarak,https://unpkg.com/pokeapi-sprites@2.0.2/sprites/pokemon/other/dream-world/167.svg,https://raw.githubusercontent.com/PokeAPI/sprites/master/sprites/pokemon/167.png
168,Ariados,https://unpkg.com/pokeapi-sprites@2.0.2/sprites/pokemon/other/dream-world/168.svg,https://raw.githubusercontent.com/PokeAPI/sprites/master/sprites/pokemon/168.png
169,Crobat,https://unpkg.com/pokeapi-sprites@2.0.2/sprites/pokemon/other/dream-world/169.svg,https://raw.githubusercontent.com/PokeAPI/sprites/master/sprites/pokemon/169.png
170,Chinchou,https://unpkg.com/pokeapi-sprites@2.0.2/sprites/pokemon/other/dream-world/170.svg,https://raw.githubusercontent.com/PokeAPI/sprites/master/sprites/pokemon/170.png
171,Lanturn,https://unpkg.com/pokeapi-sprites@2.0.2/sprites/pokemon/other/dream-world/171.svg,https://raw.githubusercontent.com/PokeAPI/sprites/master/sprites/pokemon/171.png
172,Pichu,https://unpkg.com/pokeapi-sprites@2.0.2/sprites/pokemon/other/dream-world/172.svg,https://raw.githubusercontent.com/PokeAPI/sprites/master/sprites/pokemon/172.png
173,Cleffa,https://unpkg.com/pokeapi-sprites@2.0.2/sprites/pokemon/other/dream-world/173.svg,https://raw.githubusercontent.com/PokeAPI/sprites/master/sprites/pokemon/173.png
174,Igglybuff,https://unpkg.com/pokeapi-sprites@2.0.2/sprites/pokemon/other/dream-world/174.svg,https://raw.githubusercontent.com/PokeAPI/sprites/master/sprites/pokemon/174.png
175,Togepi,https://unpkg.com/pokeapi-sprites@2.0.2/sprites/pokemon/other/dream-world/175.svg,https://raw.githubusercontent.com/PokeAPI/sprites/master/sprites/pokemon/175.png
176,Togetic,https://unpkg.com/pokeapi-sprites@2.0.2/sprites/pokemon/other/dream-world/176.svg,https://raw.githubusercontent.com/PokeAPI/sprites/master/sprites/pokemon/176.png
177,Natu,https://unpkg.com/pokeapi-sprites@2.0.2/sprites/pokemon/other/dream-world/177.svg,https://raw.githubusercontent.com/PokeAPI/sprites/master/sprites/pokemon/177.png
178,Xatu,https://unpkg.com/pokeapi-sprites@2.0.2/sprites/pokemon/other/dream-world/178.svg,https://raw.githubusercontent.com/PokeAPI/sprites/master/sprites/pokemon/178.png
179,Mareep,https://unpkg.com/pokeapi-sprites@2.0.2/sprites/pokemon/other/dream-world/179.svg,https://raw.githubusercontent.com/PokeAPI/sprites/master/sprites/pokemon/179.png
180,Flaaffy,https://unpkg.com/pokeapi-sprites@2.0.2/sprites/pokemon/other/dream-world/180.svg,https://raw.githubusercontent.com/PokeAPI/sprites/master/sprites/pokemon/180.png
181,Ampharos,https://unpkg.com/pokeapi-sprites@2.0.2/sprites/pokemon/other/dream-world/181.svg,https://raw.githubusercontent.com/PokeAPI/sprites/master/sprites/pokemon/181.png
182,Bellossom,https://unpkg.com/pokeapi-sprites@2.0.2/sprites/pokemon/other/dream-world/182.svg,https://raw.githubusercontent.com/PokeAPI/sprites/master/sprites/pokemon/182.png
183,Marill,https://unpkg.com/pokeapi-sprites@2.0.2/sprites/pokemon/other/dream-world/183.svg,https://raw.githubusercontent.com/PokeAPI/sprites/master/sprites/pokemon/183.png
184,Azumarill,https://unpkg.com/pokeapi-sprites@2.0.2/sprites/pokemon/other/dream-world/184.svg,https://raw.githubusercontent.com/PokeAPI/sprites/master/sprites/pokemon/184.png
185,Sudowoodo,https://unpkg.com/pokeapi-sprites@2.0.2/sprites/pokemon/other/dream-world/185.svg,https://raw.githubusercontent.com/PokeAPI/sprites/master/sprites/pokemon/185.png
186,Politoed,https://unpkg.com/pokeapi-sprites@2.0.2/sprites/pokemon/other/dream-world/186.svg,https://raw.githubusercontent.com/PokeAPI/sprites/master/sprites/pokemon/186.png
187,Hoppip,https://unpkg.com/pokeapi-sprites@2.0.2/sprites/pokemon/other/dream-world/187.svg,https://raw.githubusercontent.com/PokeAPI/sprites/master/sprites/pokemon/187.png
188,Skiploom,https://unpkg.com/pokeapi-sprites@2.0.2/sprites/pokemon/other/dream-world/188.svg,https://raw.githubusercontent.com/PokeAPI/sprites/master/sprites/pokemon/188.png
189,Jumpluff,https://unpkg.com/pokeapi-sprites@2.0.2/sprites/pokemon/other/dream-world/189.svg,https://raw.githubusercontent.com/PokeAPI/sprites/master/sprites/pokemon/189.png
190,Aipom,https://unpkg.com/pokeapi-sprites@2.0.2/sprites/pokemon/other/dream-world/190.svg,https://raw.githubusercontent.com/PokeAPI/sprites/master/sprites/pokemon/190.png
191,Sunkern,https://unpkg.com/pokeapi-sprites@2.0.2/sprites/pokemon/other/dream-world/191.svg,https://raw.githubusercontent.com/PokeAPI/sprites/master/sprites/pokemon/191.png
192,Sunflora,https://unpkg.com/pokeapi-sprites@2.0.2/sprites/pokemon/other/dream-world/192.svg,https://raw.githubusercontent.com/PokeAPI/sprites/master/sprites/pokemon/192.png
193,Yanma,https://unpkg.com/pokeapi-sprites@2.0.2/sprites/pokemon/other/dream-world/193.svg,https://raw.githubusercontent.com/PokeAPI/sprites/master/sprites/pokemon/193.png
194,Wooper,https://unpkg.com/pokeapi-sprites@2.0.2/sprites/pokemon/other/dream-world/194.svg,https://raw.githubusercontent.com/PokeAPI/sprites/master/sprites/pokemon/194.png
195,Quagsire,https://unpkg.com/pokeapi-sprites@2.0.2/sprites/pokemon/other/dream-world/195.svg,https://raw.githubusercontent.com/PokeAPI/sprites/master/sprites/pokemon/195.png
196,Espeon,https://unpkg.com/pokeapi-sprites@2.0.2/sprites/pokemon/other/dream-world/196.svg,https://raw.githubusercontent.com/PokeAPI/sprites/master/sprites/pokemon/196.png
197,Umbreon,https://unpkg.com/pokeapi-sprites@2.0.2/sprites/pokemon/other/dream-world/197.svg,https://raw.githubusercontent.com/PokeAPI/sprites/master/sprites/pokemon/197.png
198,Murkrow,https://unpkg.com/pokeapi-sprites@2.0.2/sprites/pokemon/other/dream-world/198.svg,https://raw.githubusercontent.com/PokeAPI/sprites/master/sprites/pokemon/198.png
199,Slowking,https://unpkg.com/pokeapi-sprites@2.0.2/sprites/pokemon/other/dream-world/199.svg,https://raw.githubusercontent.com/PokeAPI/sprites/master/sprites/pokemon/199.png
200,Misdreavus,https://unpkg.com/pokeapi-sprites@2.0.2/sprites/pokemon/other/dream-world/200.svg,https://raw.githubusercontent.com/PokeAPI/sprites/master/sprites/pokemon/200.png
201,Unown,https://unpkg.com/pokeapi-sprites@2.0.2/sprites/pokemon/other/dream-world/201.svg,https://raw.githubusercontent.com/PokeAPI/sprites/master/sprites/pokemon/201.png
202,Wobbuffet,https://unpkg.com/pokeapi-sprites@2.0.2/sprites/pokemon/other/dream-world/202.svg,https://raw.githubusercontent.com/PokeAPI/sprites/master/sprites/pokemon/202.png
203,Girafarig,https://unpkg.com/pokeapi-sprites@2.0.2/sprites/pokemon/other/dream-world/203.svg,https://raw.githubusercontent.com/PokeAPI/sprites/master/sprites/pokemon/203.png
204,Pineco,https://unpkg.com/pokeapi-sprites@2.0.2/sprites/pokemon/other/dream-world/204.svg,https://raw.githubusercontent.com/PokeAPI/sprites/master/sprites/pokemon/204.png
205,Forretress,https://unpkg.com/pokeapi-sprites@2.0.2/sprites/pokemon/other/dream-world/205.svg,https://raw.githubusercontent.com/PokeAPI/sprites/master/sprites/pokemon/205.png
206,Dunsparce,https://unpkg.com/pokeapi-sprites@2.0.2/sprites/pokemon/other/dream-world/206.svg,https://raw.githubusercontent.com/PokeAPI/sprites/master/sprites/pokemon/206.png
207,Gligar,https://unpkg.com/pokeapi-sprites@2.0.2/sprites/pokemon/other/dream-world/207.svg,https://raw.githubusercontent.com/PokeAPI/sprites/master/sprites/pokemon/207.png
208,Steelix,https://unpkg.com/pokeapi-sprites@2.0.2/sprites/pokemon/other/dream-world/208.svg,https://raw.githubusercontent.com/PokeAPI/sprites/master/sprites/pokemon/208.png
209,Snubbull,https://unpkg.com/pokeapi-sprites@2.0.2/sprites/pokemon/other/dream-world/209.svg,https://raw.githubusercontent.com/PokeAPI/sprites/master/sprites/pokemon/209.png
210,Granbull,https://unpkg.com/pokeapi-sprites@2.0.2/sprites/pokemon/other/dream-world/210.svg,https://raw.githubusercontent.com/PokeAPI/sprites/master/sprites/pokemon/210.png
211,Qwilfish,https://unpkg.com/pokeapi-sprites@2.0.2/sprites/pokemon/other/dream-world/211.svg,https://raw.githubusercontent.com/PokeAPI/sprites/master/sprites/pokemon/211.png
212,Scizor,https://unpkg.com/pokeapi-sprites@2.0.2/sprites/pokemon/other/dream-world/212.svg,https://raw.githubusercontent.com/PokeAPI/sprites/master/sprites/pokemon/212.png
213,Shuckle,https://unpkg.com/pokeapi-sprites@2.0.2/sprites/pokemon/other/dream-world/213.svg,https://raw.githubusercontent.com/PokeAPI/sprites/master/sprites/pokemon/213.png
214,Heracross,https://unpkg.com/pokeapi-sprites@2.0.2/sprites/pokemon/other/dream-world/214.svg,https://raw.githubusercontent.com/PokeAPI/sprites/master/sprites/pokemon/214.png
215,Sneasel,https://unpkg.com/pokeapi-sprites@2.0.2/sprites/pokemon/other/dream-world/215.svg,https://raw.githubusercontent.com/PokeAPI/sprites/master/sprites/pokemon/215.png
216,Teddiursa,https://unpkg.com/pokeapi-sprites@2.0.2/sprites/pokemon/other/dream-world/216.svg,https://raw.githubusercontent.com/PokeAPI/sprites/master/sprites/pokemon/216.png
217,Ursaring,https://unpkg.com/pokeapi-sprites@2.0.2/sprites/pokemon/other/dream-world/217.svg,https://raw.githubusercontent.com/PokeAPI/sprites/master/sprites/pokemon/217.png
218,Slugma,https://unpkg.com/pokeapi-sprites@2.0.2/sprites/pokemon/other/dream-world/218.svg,https://raw.githubusercontent.com/PokeAPI/sprites/master/sprites/pokemon/218.png
219,Magcargo,https://unpkg.com/pokeapi-sprites@2.0.2/sprites/pokemon/other/dream-world/219.svg,https://raw.githubusercontent.com/PokeAPI/sprites/master/sprites/pokemon/219.png
220,Swinub,https://unpkg.com/pokeapi-sprites@2.0.2/sprites/pokemon/other/dream-world/220.svg,https://raw.githubusercontent.com/PokeAPI/sprites/master/sprites/pokemon/220.png
221,Piloswine,https://unpkg.com/pokeapi-sprites@2.0.2/sprites/pokemon/other/dream-world/221.svg,https://raw.githubusercontent.com/PokeAPI/sprites/master/sprites/pokemon/221.png
222,Corsola,https://unpkg.com/pokeapi-sprites@2.0.2/sprites/pokemon/other/dream-world/222.svg,https://raw.githubusercontent.com/PokeAPI/sprites/master/sprites/pokemon/222.png
223,Remoraid,https://unpkg.com/pokeapi-sprites@2.0.2/sprites/pokemon/other/dream-world/223.svg,https://raw.githubusercontent.com/PokeAPI/sprites/master/sprites/pokemon/223.png
224,Octillery,https://unpkg.com/pokeapi-sprites@2.0.2/sprites/pokemon/other/dream-world/224.svg,https://raw.githubusercontent.com/PokeAPI/sprites/master/sprites/pokemon/224.png
225,Delibird,https://unpkg.com/pokeapi-sprites@2.0.2/sprites/pokemon/other/dream-world/225.svg,https://raw.githubusercontent.com/PokeAPI/sprites/master/sprites/pokemon/225.png
226,Mantine,https://unpkg.com/pokeapi-sprites@2.0.2/sprites/pokemon/other/dream-world/226.svg,https://raw.githubusercontent.com/PokeAPI/sprites/master/sprites/pokemon/226.png
227,Skarmory,https://unpkg.com/pokeapi-sprites@2.0.2/sprites/pokemon/other/dream-world/227.svg,https://raw.githubusercontent.com/PokeAPI/sprites/master/sprites/pokemon/227.png
228,Houndour,https://unpkg.com/pokeapi-sprites@2.0.2/sprites/pokemon/other/dream-world/228.svg,https://raw.githubusercontent.com/PokeAPI/sprites/master/sprites/pokemon/228.png
229,Houndoom,https://unpkg.com/pokeapi-sprites@2.0.2/sprites/pokemon/other/dream-world/229.svg,https://raw.githubusercontent.com/PokeAPI/sprites/master/sprites/pokemon/229.png
230,Kingdra,https://unpkg.com/pokeapi-sprites@2.0.2/sprites/pokemon/other/dream-world/230.svg,https://raw.githubusercontent.com/PokeAPI/sprites/master/sprites/pokemon/230.png
231,Phanpy,https://unpkg.com/pokeapi-sprites@2.0.2/sprites/pokemon/other/dream-world/231.svg,https://raw.githubusercontent.com/PokeAPI/sprites/master/sprites/pokemon/231.png
232,Donphan,https://unpkg.com/pokeapi-sprites@2.0.2/sprites/pokemon/other/dream-world/232.svg,https://raw.githubusercontent.com/PokeAPI/sprites/master/sprites/pokemon/232.png
233,Porygon2,https://unpkg.com/pokeapi-sprites@2.0.2/sprites/pokemon/other/dream-world/233.svg,https://raw.githubusercontent.com/PokeAPI/sprites/master/sprites/pokemon/233.png
234,Stantler,https://unpkg.com/pokeapi-sprites@2.0.2/sprites/pokemon/other/dream-world/234.svg,https://raw.githubusercontent.com/PokeAPI/sprites/master/sprites/pokemon/234.png
235,Smeargle,https://unpkg.com/pokeapi-sprites@2.0.2/sprites/pokemon/other/dream-world/235.svg,https://raw.githubusercontent.com/PokeAPI/sprites/master/sprites/pokemon/235.png
236,Tyrogue,https://unpkg.com/pokeapi-sprites@2.0.2/sprites/pokemon/other/dream-world/236.svg,https://raw.githubusercontent.com/PokeAPI/sprites/master/sprites/pokemon/236.png
237,Hitmontop,https://unpkg.com/pokeapi-sprites@2.0.2/sprites/pokemon/other/dream-world/237.svg,https://raw.githubusercontent.com/PokeAPI/sprites/master/sprites/pokemon/237.png
238,Smoochum,https://unpkg.com/pokeapi-sprites@2.0.2/sprites/pokemon/other/dream-world/238.svg,https://raw.githubusercontent.com/PokeAPI/sprites/master/sprites/pokemon/238.png
239,Elekid,https://unpkg.com/pokeapi-sprites@2.0.2/sprites/pokemon/other/dream-world/239.svg,https://raw.githubusercontent.com/PokeAPI/sprites/master/sprites/pokemon/239.png
240,Magby,https://unpkg.com/pokeapi-sprites@2.0.2/sprites/pokemon/other/dream-world/240.svg,https://raw.githubusercontent.com/PokeAPI/sprites/master/sprites/pokemon/240.png
241,Miltank,https://unpkg.com/pokeapi-sprites@2.0.2/sprites/pokemon/other/dream-world/241.svg,https://raw.githubusercontent.com/PokeAPI/sprites/master/sprites/pokemon/241.png
242,Blissey,https://unpkg.com/pokeapi-sprites@2.0.2/sprites/pokemon/other/dream-world/242.svg,https://raw.githubusercontent.com/PokeAPI/sprites/master/sprites/pokemon/242.png
243,Raikou,https://unpkg.com/pokeapi-sprites@2.0.2/sprites/pokemon/other/dream-world/243.svg,https://raw.githubusercontent.com/PokeAPI/sprites/master/sprites/pokemon/243.png
244,Entei,https://unpkg.com/pokeapi-sprites@2.0.2/sprites/pokemon/other/dream-world/244.svg,https://raw.githubusercontent.com/PokeAPI/sprites/master/sprites/pokemon/244.png    
245,Suicune,https://unpkg.com/pokeapi-sprites@2.0.2/sprites/pokemon/other/dream-world/245.svg,https://raw.githubusercontent.com/PokeAPI/sprites/master/sprites/pokemon/245.png
246,Larvitar,https://unpkg.com/pokeapi-sprites@2.0.2/sprites/pokemon/other/dream-world/246.svg,https://raw.githubusercontent.com/PokeAPI/sprites/master/sprites/pokemon/246.png
247,Pupitar,https://unpkg.com/pokeapi-sprites@2.0.2/sprites/pokemon/other/dream-world/247.svg,https://raw.githubusercontent.com/PokeAPI/sprites/master/sprites/pokemon/247.png
248,Tyranitar,https://unpkg.com/pokeapi-sprites@2.0.2/sprites/pokemon/other/dream-world/248.svg,https://raw.githubusercontent.com/PokeAPI/sprites/master/sprites/pokemon/248.png
249,Lugia,https://unpkg.com/pokeapi-sprites@2.0.2/sprites/pokemon/other/dream-world/249.svg,https://raw.githubusercontent.com/PokeAPI/sprites/master/sprites/pokemon/249.png
250,Ho-Oh,https://unpkg.com/pokeapi-sprites@2.0.2/sprites/pokemon/other/dream-world/250.svg,https://raw.githubusercontent.com/PokeAPI/sprites/master/sprites/pokemon/250.png
251,Celebi,https://unpkg.com/pokeapi-sprites@2.0.2/sprites/pokemon/other/dream-world/251.svg,https://raw.githubusercontent.com/PokeAPI/sprites/master/sprites/pokemon/251.png
